<?xml version="1.0" encoding="UTF-8"?><idempiere Name="bxPosElements" Version="1.2" idempiereVersion="" DataBaseVersion="" Description="" Author="" AuthorEmail="" CreatedDate="2016-10-06 17:12:35.802" UpdatedDate="2017-01-18 21:42:21.419" PackOutVersion="100" UpdateDictionary="false" Client="0-SYSTEM-System" AD_Client_UU="11237b53-9592-4af1-b3c5-afd216514b5d">
    <AD_Element type="table">
        <AD_Client_ID>0</AD_Client_ID>
        <AD_Org_ID>0</AD_Org_ID>
        <IsActive>Y</IsActive>
        <ColumnName>BXS_ShowGuestDialog</ColumnName>
        <Name>Guest Dialog</Name>
        <Description>The flag indicates if the guest dialog must be shown when a table is selected in the Freibier POS</Description>
        <Help>When selected, a dialog asking for the number of guests will be displayed after selecting a table in the Freibier POS.</Help>
        <PrintName>Guest Dialog</PrintName>
        <PO_Description/>
        <PO_Help/>
        <PO_Name/>
        <PO_PrintName/>
        <EntityType>BAY</EntityType>
        <AD_Element_UU>e7c4451d-5ea9-435e-a633-6978f612b4d5</AD_Element_UU>
        <AD_Element_Trl type="translation">
            <Help>When selected, a dialog asking for the number of guests will be displayed after selecting a table in the Freibier POS.</Help>
            <PO_Description/>
            <PO_Help/>
            <Name>Guest Dialog</Name>
            <Description>The flag indicates if the guest dialog must be shown when a table is selected in the Freibier POS</Description>
            <PrintName>Guest Dialog</PrintName>
            <PO_Name/>
            <PO_PrintName/>
            <AD_Language>es_CO</AD_Language>
            <IsActive>Y</IsActive>
            <IsTranslated>N</IsTranslated>
        </AD_Element_Trl>
        <AD_Element_Trl type="translation">
            <Help>When selected, a dialog asking for the number of guests will be displayed after selecting a table in the Freibier POS.</Help>
            <PO_Description/>
            <PO_Help/>
            <Name>Guest Dialog</Name>
            <Description>The flag indicates if the guest dialog must be shown when a table is selected in the Freibier POS</Description>
            <PrintName>Guest Dialog</PrintName>
            <PO_Name/>
            <PO_PrintName/>
            <AD_Language>de_DE</AD_Language>
            <IsActive>Y</IsActive>
            <IsTranslated>N</IsTranslated>
        </AD_Element_Trl>
    </AD_Element>
    <AD_Column type="table">
        <IsSyncDatabase>Y</IsSyncDatabase>
        <AD_Table_ID reference="id">748</AD_Table_ID>
        <AD_Reference_Value_ID reference="id"/>
        <AD_Client_ID>0</AD_Client_ID>
        <AD_Org_ID>0</AD_Org_ID>
        <Version>0</Version>
        <Name>Guest Dialog</Name>
        <Description>The flag indicates if the guest dialog must be shown when a table is selected in the Freibier POS</Description>
        <Help>When selected, a dialog asking for the number of guests will be displayed after selecting a table in the Freibier POS.</Help>
        <AD_Val_Rule_ID reference="id"/>
        <ColumnName>BXS_ShowGuestDialog</ColumnName>
        <DefaultValue>N</DefaultValue>
        <FieldLength>1</FieldLength>
        <IsKey>N</IsKey>
        <IsParent>N</IsParent>
        <IsMandatory>N</IsMandatory>
        <IsTranslated>N</IsTranslated>
        <IsIdentifier>N</IsIdentifier>
        <SeqNo>0</SeqNo>
        <IsEncrypted>N</IsEncrypted>
        <AD_Reference_ID reference="id">20</AD_Reference_ID>
        <IsActive>Y</IsActive>
        <VFormat/>
        <Callout/>
        <AD_Element_ID reference="uuid" reference-key="AD_Element">e7c4451d-5ea9-435e-a633-6978f612b4d5</AD_Element_ID>
        <IsUpdateable>Y</IsUpdateable>
        <AD_Process_ID reference="id"/>
        <ValueMin/>
        <ValueMax/>
        <IsSelectionColumn>N</IsSelectionColumn>
        <ReadOnlyLogic/>
        <EntityType>BAY</EntityType>
        <IsAlwaysUpdateable>N</IsAlwaysUpdateable>
        <ColumnSQL/>
        <MandatoryLogic/>
        <IsAutocomplete>N</IsAutocomplete>
        <IsAllowLogging>Y</IsAllowLogging>
        <FormatPattern/>
        <AD_Chart_ID reference="id"/>
        <AD_Column_UU>e81e66c7-91a8-4fb0-8d44-7ea6a5118b68</AD_Column_UU>
        <IsAllowCopy>Y</IsAllowCopy>
        <SeqNoSelection>0</SeqNoSelection>
        <IsToolbarButton>N</IsToolbarButton>
        <IsSecure>N</IsSecure>
        <FKConstraintName/>
        <FKConstraintType>N</FKConstraintType>
    </AD_Column>
    <AD_Field type="table">
        <AD_Client_ID>0</AD_Client_ID>
        <AD_Org_ID>0</AD_Org_ID>
        <Name>Guest Dialog</Name>
        <Description>The flag indicates if the guest dialog must be shown when a table is selected in the Freibier POS</Description>
        <Help>When selected, a dialog asking for the number of guests will be displayed after selecting a table in the Freibier POS.</Help>
        <AD_Tab_ID reference="id">676</AD_Tab_ID>
        <AD_Column_ID reference="uuid" reference-key="AD_Column">e81e66c7-91a8-4fb0-8d44-7ea6a5118b68</AD_Column_ID>
        <IsDisplayed>Y</IsDisplayed>
        <DisplayLogic/>
        <DisplayLength>1</DisplayLength>
        <SeqNo>240</SeqNo>
        <SortNo/>
        <IsSameLine>N</IsSameLine>
        <IsHeading>N</IsHeading>
        <IsFieldOnly>N</IsFieldOnly>
        <IsEncrypted>N</IsEncrypted>
        <IsActive>Y</IsActive>
        <IsReadOnly>N</IsReadOnly>
        <IsCentrallyMaintained>Y</IsCentrallyMaintained>
        <AD_FieldGroup_ID reference="id"/>
        <EntityType>BAY</EntityType>
        <ObscureType/>
        <AD_Reference_ID reference="id"/>
        <IsMandatory/>
        <DefaultValue/>
        <AD_Reference_Value_ID reference="id"/>
        <AD_Val_Rule_ID reference="id"/>
        <Included_Tab_ID reference="id"/>
        <AD_Field_UU>bdd75edc-7217-4f9a-a000-626ed676d7eb</AD_Field_UU>
        <IsAllowCopy/>
        <IsDisplayedGrid>Y</IsDisplayedGrid>
        <SeqNoGrid>270</SeqNoGrid>
        <XPosition>5</XPosition>
        <ColumnSpan>2</ColumnSpan>
        <NumLines>1</NumLines>
        <IsQuickEntry>N</IsQuickEntry>
        <IsUpdateable/>
        <IsAlwaysUpdateable/>
        <MandatoryLogic/>
        <ReadOnlyLogic/>
        <IsToolbarButton/>
        <IsDefaultFocus>N</IsDefaultFocus>
        <IsAdvancedField>N</IsAdvancedField>
        <VFormat/>
        <AD_LabelStyle_ID reference="id"/>
        <AD_FieldStyle_ID reference="id"/>
        <AD_Field_Trl type="translation">
            <Help>When selected, a dialog asking for the number of guests will be displayed after selecting a table in the Freibier POS.</Help>
            <Description>The flag indicates if the guest dialog must be shown when a table is selected in the Freibier POS</Description>
            <Name>Guest Dialog</Name>
            <AD_Language>de_DE</AD_Language>
            <IsActive>Y</IsActive>
            <IsTranslated>N</IsTranslated>
        </AD_Field_Trl>
        <AD_Field_Trl type="translation">
            <Help>When selected, a dialog asking for the number of guests will be displayed after selecting a table in the Freibier POS.</Help>
            <Description>The flag indicates if the guest dialog must be shown when a table is selected in the Freibier POS</Description>
            <Name>Guest Dialog</Name>
            <AD_Language>es_CO</AD_Language>
            <IsActive>Y</IsActive>
            <IsTranslated>N</IsTranslated>
        </AD_Field_Trl>
    </AD_Field>
    <AD_Field type="table">
        <AD_Client_ID>0</AD_Client_ID>
        <AD_Org_ID>0</AD_Org_ID>
        <Name>Surcharge</Name>
        <Description>When a surcharge is placed in the POS, it will create an order line with the selected charge.</Description>
        <Help/>
        <AD_Tab_ID reference="id">676</AD_Tab_ID>
        <AD_Column_ID reference="uuid" reference-key="AD_Column">0b471096-b82c-4657-97d9-b5401e549bfa</AD_Column_ID>
        <IsDisplayed>Y</IsDisplayed>
        <DisplayLogic/>
        <DisplayLength>22</DisplayLength>
        <SeqNo>250</SeqNo>
        <SortNo/>
        <IsSameLine>N</IsSameLine>
        <IsHeading>N</IsHeading>
        <IsFieldOnly>N</IsFieldOnly>
        <IsEncrypted>N</IsEncrypted>
        <IsActive>Y</IsActive>
        <IsReadOnly>N</IsReadOnly>
        <IsCentrallyMaintained>Y</IsCentrallyMaintained>
        <AD_FieldGroup_ID reference="uuid" reference-key="AD_FieldGroup">25a09ab5-2ecd-4ed4-949b-5676f34bb415</AD_FieldGroup_ID>
        <EntityType>BAY</EntityType>
        <ObscureType/>
        <AD_Reference_ID reference="id"/>
        <IsMandatory/>
        <DefaultValue/>
        <AD_Reference_Value_ID reference="id"/>
        <AD_Val_Rule_ID reference="id"/>
        <Included_Tab_ID reference="id"/>
        <AD_Field_UU>5d9528c4-4537-4d9c-8b35-0f2c64fdf4eb</AD_Field_UU>
        <IsAllowCopy/>
        <IsDisplayedGrid>Y</IsDisplayedGrid>
        <SeqNoGrid>220</SeqNoGrid>
        <XPosition>1</XPosition>
        <ColumnSpan>2</ColumnSpan>
        <NumLines>1</NumLines>
        <IsQuickEntry>N</IsQuickEntry>
        <IsUpdateable/>
        <IsAlwaysUpdateable/>
        <MandatoryLogic/>
        <ReadOnlyLogic/>
        <IsToolbarButton/>
        <IsDefaultFocus>N</IsDefaultFocus>
        <IsAdvancedField>N</IsAdvancedField>
        <VFormat/>
        <AD_LabelStyle_ID reference="id"/>
        <AD_FieldStyle_ID reference="id"/>
        <AD_Field_Trl type="translation">
            <Help/>
            <Description>When a surcharge is placed in the POS, it will create an order line with the selected charge.</Description>
            <Name>Surcharge</Name>
            <AD_Language>de_DE</AD_Language>
            <IsActive>Y</IsActive>
            <IsTranslated>N</IsTranslated>
        </AD_Field_Trl>
        <AD_Field_Trl type="translation">
            <Help/>
            <Description>When a surcharge is placed in the POS, it will create an order line with the selected charge.</Description>
            <Name>Surcharge</Name>
            <AD_Language>es_CO</AD_Language>
            <IsActive>Y</IsActive>
            <IsTranslated>N</IsTranslated>
        </AD_Field_Trl>
    </AD_Field>
    <AD_Field type="table">
        <AD_Client_ID>0</AD_Client_ID>
        <AD_Org_ID>0</AD_Org_ID>
        <Name>Discount</Name>
        <Description>Defines the charge that will be used for discount in the orders</Description>
        <Help>If the fields is left blank, no discount charge will be placed</Help>
        <AD_Tab_ID reference="id">676</AD_Tab_ID>
        <AD_Column_ID reference="uuid" reference-key="AD_Column">a2c62150-f964-4193-bba4-c8f3093b2305</AD_Column_ID>
        <IsDisplayed>Y</IsDisplayed>
        <DisplayLogic/>
        <DisplayLength>22</DisplayLength>
        <SeqNo>260</SeqNo>
        <SortNo/>
        <IsSameLine>N</IsSameLine>
        <IsHeading>N</IsHeading>
        <IsFieldOnly>N</IsFieldOnly>
        <IsEncrypted>N</IsEncrypted>
        <IsActive>Y</IsActive>
        <IsReadOnly>N</IsReadOnly>
        <IsCentrallyMaintained>Y</IsCentrallyMaintained>
        <AD_FieldGroup_ID reference="uuid" reference-key="AD_FieldGroup">25a09ab5-2ecd-4ed4-949b-5676f34bb415</AD_FieldGroup_ID>
        <EntityType>BAY</EntityType>
        <ObscureType/>
        <AD_Reference_ID reference="id"/>
        <IsMandatory/>
        <DefaultValue/>
        <AD_Reference_Value_ID reference="id"/>
        <AD_Val_Rule_ID reference="id"/>
        <Included_Tab_ID reference="id"/>
        <AD_Field_UU>2e4af5ea-3933-4e95-aaac-94f7575f0d84</AD_Field_UU>
        <IsAllowCopy/>
        <IsDisplayedGrid>Y</IsDisplayedGrid>
        <SeqNoGrid>210</SeqNoGrid>
        <XPosition>4</XPosition>
        <ColumnSpan>2</ColumnSpan>
        <NumLines>1</NumLines>
        <IsQuickEntry>N</IsQuickEntry>
        <IsUpdateable/>
        <IsAlwaysUpdateable/>
        <MandatoryLogic/>
        <ReadOnlyLogic/>
        <IsToolbarButton/>
        <IsDefaultFocus>N</IsDefaultFocus>
        <IsAdvancedField>N</IsAdvancedField>
        <VFormat/>
        <AD_LabelStyle_ID reference="id"/>
        <AD_FieldStyle_ID reference="id"/>
        <AD_Field_Trl type="translation">
            <Help>If the fields is left blank, no discount charge will be placed</Help>
            <Description>Defines the charge that will be used for discount in the orders</Description>
            <Name>Discount</Name>
            <AD_Language>de_DE</AD_Language>
            <IsActive>Y</IsActive>
            <IsTranslated>N</IsTranslated>
        </AD_Field_Trl>
        <AD_Field_Trl type="translation">
            <Help/>
            <Description/>
            <Name>Discount</Name>
            <AD_Language>es_CO</AD_Language>
            <IsActive>Y</IsActive>
            <IsTranslated>N</IsTranslated>
        </AD_Field_Trl>
    </AD_Field>
    <AD_Menu type="table">
        <SeqNo>14</SeqNo>
        <AD_Client_ID>0</AD_Client_ID>
        <AD_Org_ID>0</AD_Org_ID>
        <Name>Bx POS</Name>
        <Description/>
        <Action/>
        <AD_Window_ID reference="id"/>
        <AD_Workflow_ID reference="id"/>
        <AD_Task_ID reference="id"/>
        <IsActive>Y</IsActive>
        <IsSummary>Y</IsSummary>
        <AD_Process_ID reference="id"/>
        <IsSOTrx>N</IsSOTrx>
        <AD_Form_ID reference="id"/>
        <IsReadOnly>N</IsReadOnly>
        <EntityType>BAY</EntityType>
        <IsCentrallyMaintained>N</IsCentrallyMaintained>
        <AD_Menu_UU>590b0000-6064-4621-879e-22c80a5c3319</AD_Menu_UU>
        <AD_InfoWindow_ID reference="id"/>
        <AD_Menu_Trl type="translation">
            <Name>Bx POS</Name>
            <Description/>
            <AD_Language>es_CO</AD_Language>
            <IsActive>Y</IsActive>
            <IsTranslated>N</IsTranslated>
        </AD_Menu_Trl>
        <AD_Menu_Trl type="translation">
            <Name>Bx POS</Name>
            <Description/>
            <AD_Language>de_DE</AD_Language>
            <IsActive>Y</IsActive>
            <IsTranslated>N</IsTranslated>
        </AD_Menu_Trl>
        <AD_Menu type="table">
            <Parent_ID reference="uuid" reference-key="AD_Menu">590b0000-6064-4621-879e-22c80a5c3319</Parent_ID>
            <SeqNo>2</SeqNo>
            <AD_Client_ID>0</AD_Client_ID>
            <AD_Org_ID>0</AD_Org_ID>
            <Name>POS Output Device</Name>
            <Description/>
            <Action>W</Action>
            <AD_Window_ID reference="uuid" reference-key="AD_Window">f58d30d1-b34a-4236-b992-1b8ece570f16</AD_Window_ID>
            <AD_Workflow_ID reference="id"/>
            <AD_Task_ID reference="id"/>
            <IsActive>Y</IsActive>
            <IsSummary>N</IsSummary>
            <AD_Process_ID reference="id"/>
            <IsSOTrx>N</IsSOTrx>
            <AD_Form_ID reference="id"/>
            <IsReadOnly>N</IsReadOnly>
            <EntityType>BAY</EntityType>
            <IsCentrallyMaintained>Y</IsCentrallyMaintained>
            <AD_Menu_UU>76aaabba-3d7b-45e4-9953-c6a2de68c123</AD_Menu_UU>
            <AD_InfoWindow_ID reference="id"/>
        </AD_Menu>
        <AD_Menu type="table">
            <Parent_ID reference="uuid" reference-key="AD_Menu">590b0000-6064-4621-879e-22c80a5c3319</Parent_ID>
            <SeqNo>3</SeqNo>
            <AD_Client_ID>0</AD_Client_ID>
            <AD_Org_ID>0</AD_Org_ID>
            <Name>Table</Name>
            <Description/>
            <Action>W</Action>
            <AD_Window_ID reference="uuid" reference-key="AD_Window">ba84d6aa-e14b-43b4-85e5-93c1fe826d1a</AD_Window_ID>
            <AD_Workflow_ID reference="id"/>
            <AD_Task_ID reference="id"/>
            <IsActive>Y</IsActive>
            <IsSummary>N</IsSummary>
            <AD_Process_ID reference="id"/>
            <IsSOTrx>N</IsSOTrx>
            <AD_Form_ID reference="id"/>
            <IsReadOnly>N</IsReadOnly>
            <EntityType>BAY</EntityType>
            <IsCentrallyMaintained>Y</IsCentrallyMaintained>
            <AD_Menu_UU>e0d7c5f9-8290-4d62-898b-4a4971aa322c</AD_Menu_UU>
            <AD_InfoWindow_ID reference="id"/>
        </AD_Menu>
        <AD_Menu type="table">
            <Parent_ID reference="uuid" reference-key="AD_Menu">590b0000-6064-4621-879e-22c80a5c3319</Parent_ID>
            <SeqNo>1</SeqNo>
            <AD_Client_ID>0</AD_Client_ID>
            <AD_Org_ID>0</AD_Org_ID>
            <Name>Update Request Notification</Name>
            <Description>Push Notification</Description>
            <Action>P</Action>
            <AD_Window_ID reference="id"/>
            <AD_Workflow_ID reference="id"/>
            <AD_Task_ID reference="id"/>
            <IsActive>Y</IsActive>
            <IsSummary>N</IsSummary>
            <AD_Process_ID reference="uuid" reference-key="AD_Process">d9307c5a-5ac4-43e5-acbd-6f0cd3935911</AD_Process_ID>
            <IsSOTrx>N</IsSOTrx>
            <AD_Form_ID reference="id"/>
            <IsReadOnly>N</IsReadOnly>
            <EntityType>BAY</EntityType>
            <IsCentrallyMaintained>Y</IsCentrallyMaintained>
            <AD_Menu_UU>5517c025-752f-456d-9d6c-d41b4211f654</AD_Menu_UU>
            <AD_InfoWindow_ID reference="id"/>
        </AD_Menu>
        <AD_Menu type="table">
            <Parent_ID reference="uuid" reference-key="AD_Menu">590b0000-6064-4621-879e-22c80a5c3319</Parent_ID>
            <SeqNo>0</SeqNo>
            <AD_Client_ID>0</AD_Client_ID>
            <AD_Org_ID>0</AD_Org_ID>
            <Name>POS Daily Report</Name>
            <Description/>
            <Action>R</Action>
            <AD_Window_ID reference="id"/>
            <AD_Workflow_ID reference="id"/>
            <AD_Task_ID reference="id"/>
            <IsActive>Y</IsActive>
            <IsSummary>N</IsSummary>
            <AD_Process_ID reference="uuid" reference-key="AD_Process">58ba3188-4974-448d-ad42-82e49a27ed4d</AD_Process_ID>
            <IsSOTrx>N</IsSOTrx>
            <AD_Form_ID reference="id"/>
            <IsReadOnly>N</IsReadOnly>
            <EntityType>BAY</EntityType>
            <IsCentrallyMaintained>Y</IsCentrallyMaintained>
            <AD_Menu_UU>04f8a7d4-cf3f-43a2-bdd1-68732cfd7dbd</AD_Menu_UU>
            <AD_InfoWindow_ID reference="id"/>
        </AD_Menu>
    </AD_Menu>
    <AD_Column type="table">
        <IsSyncDatabase>Y</IsSyncDatabase>
        <AD_Table_ID reference="uuid" reference-key="AD_Table">21f59b2a-a08f-4ba6-9ba7-118fc9fd4a17</AD_Table_ID>
        <AD_Reference_Value_ID reference="id"/>
        <AD_Client_ID>0</AD_Client_ID>
        <AD_Org_ID>0</AD_Org_ID>
        <Version>0.0</Version>
        <Name>Guest Dialog</Name>
        <Description>The flag indicates if the guest dialog must be shown when a table is selected in the Freibier POS</Description>
        <Help>When selected, a dialog asking for the number of guests will be displayed after selecting a table in the Freibier POS.</Help>
        <AD_Val_Rule_ID reference="id"/>
        <ColumnName>BXS_ShowGuestDialog</ColumnName>
        <DefaultValue>N</DefaultValue>
        <FieldLength>1</FieldLength>
        <IsKey>N</IsKey>
        <IsParent>N</IsParent>
        <IsMandatory>N</IsMandatory>
        <IsTranslated>N</IsTranslated>
        <IsIdentifier>N</IsIdentifier>
        <SeqNo/>
        <IsEncrypted>N</IsEncrypted>
        <AD_Reference_ID reference="id">20</AD_Reference_ID>
        <IsActive>Y</IsActive>
        <VFormat/>
        <Callout/>
        <AD_Element_ID reference="uuid" reference-key="AD_Element">e7c4451d-5ea9-435e-a633-6978f612b4d5</AD_Element_ID>
        <IsUpdateable>N</IsUpdateable>
        <AD_Process_ID reference="id"/>
        <ValueMin/>
        <ValueMax/>
        <IsSelectionColumn>N</IsSelectionColumn>
        <ReadOnlyLogic/>
        <EntityType>BAY</EntityType>
        <IsAlwaysUpdateable>N</IsAlwaysUpdateable>
        <ColumnSQL/>
        <MandatoryLogic/>
        <IsAutocomplete>N</IsAutocomplete>
        <IsAllowLogging>Y</IsAllowLogging>
        <FormatPattern/>
        <AD_Chart_ID reference="id"/>
        <AD_Column_UU>57c65f05-ff3a-4266-8acf-173f2ef91fbb</AD_Column_UU>
        <IsAllowCopy>Y</IsAllowCopy>
        <SeqNoSelection/>
        <IsToolbarButton>N</IsToolbarButton>
        <IsSecure>N</IsSecure>
        <FKConstraintName/>
        <FKConstraintType>N</FKConstraintType>
    </AD_Column>
    <AD_ViewColumn type="table">
        <AD_Client_ID>0</AD_Client_ID>
        <AD_Org_ID>0</AD_Org_ID>
        <AD_ViewColumn_UU>589f8c53-679c-4c6a-acd5-7681c3e453f7</AD_ViewColumn_UU>
        <Description/>
        <EntityType>BAY</EntityType>
        <IsActive>Y</IsActive>
        <AD_ViewComponent_ID reference="uuid" reference-key="AD_ViewComponent">879f3aca-c122-43a2-9e9d-40084121f6d5</AD_ViewComponent_ID>
        <ColumnName>BXS_ShowGuestDialog</ColumnName>
        <ColumnSQL>pos.BXS_ShowGuestDialog</ColumnSQL>
        <Help/>
        <DBDataType/>
        <SeqNo>150</SeqNo>
    </AD_ViewColumn>
    <AD_Package_Exp type="table">
        <AD_Client_ID>0</AD_Client_ID>
        <AD_Org_ID>0</AD_Org_ID>
        <AD_Package_Type>X</AD_Package_Type>
        <EMail/>
        <Instructions/>
        <Name>bxPosElements</Name>
        <Processed>N</Processed>
        <ReleaseNo/>
        <Version/>
        <UserName/>
        <Processing>N</Processing>
        <PK_Version>1.2</PK_Version>
        <IsActive>Y</IsActive>
        <File_Directory/>
        <Description/>
        <AD_Package_Exp_UU>29d94e35-9f89-499e-b59e-44163c79747a</AD_Package_Exp_UU>
        <DateFrom>2016-12-17 00:00:00.0</DateFrom>
        <IsExportDictionaryEntity>N</IsExportDictionaryEntity>
    </AD_Package_Exp>
</idempiere>
