<?xml version="1.0" encoding="UTF-8"?><idempiere Name="posInfo" Version="1.2" idempiereVersion="" DataBaseVersion="" Description="" Author="" AuthorEmail="" CreatedDate="2017-02-02 17:16:40.46" UpdatedDate="2017-02-08 21:33:42.974" PackOutVersion="100" UpdateDictionary="false" Client="0-SYSTEM-System" AD_Client_UU="11237b53-9592-4af1-b3c5-afd216514b5d">
    <AD_Table type="table">
        <AD_Client_ID>0</AD_Client_ID>
        <AD_Org_ID>0</AD_Org_ID>
        <Name>POS Info</Name>
        <Description>View to get the pos data, including product prices.</Description>
        <Help/>
        <AD_Window_ID reference="id"/>
        <AD_Val_Rule_ID reference="id"/>
        <TableName>BXS_PosInfo</TableName>
        <LoadSeq>0</LoadSeq>
        <AccessLevel>3</AccessLevel>
        <IsActive>Y</IsActive>
        <IsSecurityEnabled>N</IsSecurityEnabled>
        <IsDeleteable>N</IsDeleteable>
        <IsHighVolume>N</IsHighVolume>
        <IsView>Y</IsView>
        <EntityType>BAY</EntityType>
        <ImportTable>N</ImportTable>
        <IsChangeLog>N</IsChangeLog>
        <ReplicationType>L</ReplicationType>
        <PO_Window_ID reference="id"/>
        <CopyColumnsFromTable>N</CopyColumnsFromTable>
        <IsCentrallyMaintained>Y</IsCentrallyMaintained>
        <AD_Table_UU>21f59b2a-a08f-4ba6-9ba7-118fc9fd4a17</AD_Table_UU>
        <Processing>N</Processing>
        <DatabaseViewDrop>N</DatabaseViewDrop>
        <CopyComponentsFromView/>
        <AD_Column type="table">
            <IsSyncDatabase>Y</IsSyncDatabase>
            <AD_Table_ID reference="uuid" reference-key="AD_Table">21f59b2a-a08f-4ba6-9ba7-118fc9fd4a17</AD_Table_ID>
            <AD_Reference_Value_ID reference="id"/>
            <AD_Client_ID>0</AD_Client_ID>
            <AD_Org_ID>0</AD_Org_ID>
            <Version>0.0</Version>
            <Name>POS Terminal</Name>
            <Description>Point of Sales Terminal</Description>
            <Help>The POS Terminal defines the defaults and functions available for the POS Form</Help>
            <AD_Val_Rule_ID reference="id"/>
            <ColumnName>C_POS_ID</ColumnName>
            <DefaultValue/>
            <FieldLength>10</FieldLength>
            <IsKey>N</IsKey>
            <IsParent>N</IsParent>
            <IsMandatory>N</IsMandatory>
            <IsTranslated>N</IsTranslated>
            <IsIdentifier>N</IsIdentifier>
            <SeqNo/>
            <IsEncrypted>N</IsEncrypted>
            <AD_Reference_ID reference="id">19</AD_Reference_ID>
            <IsActive>Y</IsActive>
            <VFormat/>
            <Callout/>
            <AD_Element_ID reference="id">2581</AD_Element_ID>
            <IsUpdateable>N</IsUpdateable>
            <AD_Process_ID reference="id"/>
            <ValueMin/>
            <ValueMax/>
            <IsSelectionColumn>N</IsSelectionColumn>
            <ReadOnlyLogic/>
            <EntityType>BAY</EntityType>
            <IsAlwaysUpdateable>N</IsAlwaysUpdateable>
            <ColumnSQL/>
            <MandatoryLogic/>
            <IsAutocomplete>N</IsAutocomplete>
            <IsAllowLogging>Y</IsAllowLogging>
            <FormatPattern/>
            <AD_Chart_ID reference="id"/>
            <AD_Column_UU>75e7a211-871f-4eb8-8725-4aa04af29c8b</AD_Column_UU>
            <IsAllowCopy>Y</IsAllowCopy>
            <SeqNoSelection/>
            <IsToolbarButton>N</IsToolbarButton>
            <IsSecure>N</IsSecure>
            <FKConstraintName/>
            <FKConstraintType>N</FKConstraintType>
        </AD_Column>
        <AD_ViewComponent type="table">
            <AD_Client_ID>0</AD_Client_ID>
            <AD_Org_ID>0</AD_Org_ID>
            <AD_ViewComponent_UU>879f3aca-c122-43a2-9e9d-40084121f6d5</AD_ViewComponent_UU>
            <Description>.</Description>
            <EntityType>BAY</EntityType>
            <IsActive>Y</IsActive>
            <Name>pp</Name>
            <AD_Table_ID reference="uuid" reference-key="AD_Table">21f59b2a-a08f-4ba6-9ba7-118fc9fd4a17</AD_Table_ID>
            <Help/>
            <OtherClause/>
            <Referenced_Table_ID reference="id">251</Referenced_Table_ID>
            <SeqNo>0</SeqNo>
            <WhereClause>JOIN M_Product p ON pp.m_product_id = p.m_product_id AND p.isselfservice='Y' AND p.Discontinued = 'N'
JOIN C_POS pos ON pos.isActive='Y'
JOIN C_DocType dt ON pos.C_DocType_ID = dt.C_DocType_ID
JOIN AD_Client c ON c.AD_Client_ID = pp.AD_Client_ID
JOIN M_Warehouse w ON w.M_Warehouse_ID = pos.M_Warehouse_ID
JOIN M_PriceList pl ON pos.m_pricelist_id = pl.m_pricelist_id
JOIN C_Currency cu ON cu.C_Currency_ID = pl.C_Currency_ID
JOIN M_PriceList_Version pv ON pp.M_PriceList_Version_ID = pv.M_PriceList_Version_id
		AND pv.M_PriceList_ID = pos.m_pricelist_id
		AND validfrom = (SELECT MAX(validfrom) 
					FROM M_PriceList_Version 
					WHERE m_pricelist_ID = pos.m_pricelist_id
					 AND validfrom&lt;=sysdate) 
WHERE pp.isActive = 'Y' </WhereClause>
            <FromClause>FROM M_ProductPrice pp</FromClause>
            <AD_ViewColumn type="table">
                <AD_Client_ID>0</AD_Client_ID>
                <AD_Org_ID>0</AD_Org_ID>
                <AD_ViewColumn_UU>4d1bed6c-2532-4953-96f1-8b157ce1392e</AD_ViewColumn_UU>
                <Description/>
                <EntityType>BAY</EntityType>
                <IsActive>Y</IsActive>
                <AD_ViewComponent_ID reference="uuid" reference-key="AD_ViewComponent">879f3aca-c122-43a2-9e9d-40084121f6d5</AD_ViewComponent_ID>
                <ColumnName>C_POS_ID</ColumnName>
                <ColumnSQL>pos.C_POS_ID</ColumnSQL>
                <Help/>
                <DBDataType/>
                <SeqNo>170</SeqNo>
            </AD_ViewColumn>
        </AD_ViewComponent>
    </AD_Table>
</idempiere>
