<?xml version="1.0" encoding="UTF-8"?><idempiere Name="posOutput" Version="1.2" idempiereVersion="" DataBaseVersion="" Description="" Author="" AuthorEmail="" CreatedDate="2017-02-02 17:16:40.46" UpdatedDate="2017-02-02 17:16:40.46" PackOutVersion="100" UpdateDictionary="false" Client="0-SYSTEM-System" AD_Client_UU="11237b53-9592-4af1-b3c5-afd216514b5d">
    <AD_Table type="table">
        <AD_Client_ID>0</AD_Client_ID>
        <AD_Org_ID>0</AD_Org_ID>
        <Name>POS Output Device</Name>
        <Description>Table in charge of the output devices in the Freibier POS</Description>
        <Help/>
        <AD_Window_ID reference="uuid" reference-key="AD_Window">f58d30d1-b34a-4236-b992-1b8ece570f16</AD_Window_ID>
        <AD_Val_Rule_ID reference="id"/>
        <TableName>BXS_POSOutputDevice</TableName>
        <LoadSeq>0</LoadSeq>
        <AccessLevel>3</AccessLevel>
        <IsActive>Y</IsActive>
        <IsSecurityEnabled>N</IsSecurityEnabled>
        <IsDeleteable>Y</IsDeleteable>
        <IsHighVolume>N</IsHighVolume>
        <IsView>N</IsView>
        <EntityType>BAY</EntityType>
        <ImportTable>N</ImportTable>
        <IsChangeLog>N</IsChangeLog>
        <ReplicationType>L</ReplicationType>
        <PO_Window_ID reference="id"/>
        <CopyColumnsFromTable>N</CopyColumnsFromTable>
        <IsCentrallyMaintained>Y</IsCentrallyMaintained>
        <AD_Table_UU>2e0fc0b9-649d-4f9d-b6db-3e336826c757</AD_Table_UU>
        <Processing>N</Processing>
        <DatabaseViewDrop>N</DatabaseViewDrop>
        <CopyComponentsFromView>N</CopyComponentsFromView>
        <AD_TableIndex type="table">
            <AD_Client_ID>0</AD_Client_ID>
            <AD_Org_ID>0</AD_Org_ID>
            <AD_TableIndex_UU>9d878225-03e0-4d87-bce1-866c6e9d431e</AD_TableIndex_UU>
            <Description>One output per target, per org</Description>
            <EntityType>BAY</EntityType>
            <IsActive>Y</IsActive>
            <Name>target</Name>
            <AD_Table_ID reference="uuid" reference-key="AD_Table">2e0fc0b9-649d-4f9d-b6db-3e336826c757</AD_Table_ID>
            <Help/>
            <IsCreateConstraint>N</IsCreateConstraint>
            <IsUnique>Y</IsUnique>
            <Processing>N</Processing>
            <AD_Message_ID reference="id"/>
            <TableIndexDrop>N</TableIndexDrop>
            <IsKey>N</IsKey>
            <AD_IndexColumn type="table">
                <AD_Client_ID>0</AD_Client_ID>
                <AD_Org_ID>0</AD_Org_ID>
                <AD_IndexColumn_UU>a76421cc-7301-41a4-8e30-ee319b6c2160</AD_IndexColumn_UU>
                <EntityType>BAY</EntityType>
                <IsActive>Y</IsActive>
                <AD_Column_ID reference="uuid" reference-key="AD_Column">c618b3e9-36fd-4148-8e0d-7c34f7ae6d85</AD_Column_ID>
                <AD_TableIndex_ID reference="uuid" reference-key="AD_TableIndex">9d878225-03e0-4d87-bce1-866c6e9d431e</AD_TableIndex_ID>
                <ColumnSQL/>
                <SeqNo>0</SeqNo>
            </AD_IndexColumn>
            <AD_IndexColumn type="table">
                <AD_Client_ID>0</AD_Client_ID>
                <AD_Org_ID>0</AD_Org_ID>
                <AD_IndexColumn_UU>6f7233bf-c086-4776-ad39-c77260f796a2</AD_IndexColumn_UU>
                <EntityType>BAY</EntityType>
                <IsActive>Y</IsActive>
                <AD_Column_ID reference="uuid" reference-key="AD_Column">0f13a537-74dd-4d9c-8ee5-29e04c547b43</AD_Column_ID>
                <AD_TableIndex_ID reference="uuid" reference-key="AD_TableIndex">9d878225-03e0-4d87-bce1-866c6e9d431e</AD_TableIndex_ID>
                <ColumnSQL/>
                <SeqNo>0</SeqNo>
            </AD_IndexColumn>
        </AD_TableIndex>
    </AD_Table>
</idempiere>
